ID,Variable,Short definition,Domain,Ecosystem Layer,Stage,Origin,Governed,Regulatory Gap,Rate of Risk,Propagates To,Propagates From,Affected Actors,Suggested mitigation,STRAPS Status
SVM-001,Training data provenance,Sources and origin metadata for training datasets,Data science,Epistemic,Development,Endogenous,Partial,Moderate,Critical,SVM-003;SVM-014;SVM-015,SVM-111,Developers; regulators; affected communities,Record source; obtain consent where needed; provenance tags,Fails
SVM-002,Data quality controls,Standards for labeling accuracy consistency and noise reduction,Quality engineering,Epistemic,Development,Endogenous,Partial,Moderate,Critical,SVM-006;SVM-061,SVM-007;SVM-008,Developers; end users,Establish QA pipelines; inter-annotator agreement; audits,
SVM-003,Personal data inclusion,Use of personal private or sensitive data in training corpora,Regulatory compliance,Governance,Development,Endogenous,Partial,Large,Critical,SVM-055;SVM-056;SVM-099,,Individuals; vulnerable groups,Remove PII; apply differential privacy and consent frameworks,
SVM-004,Dataset versioning & lineage,Tracking changes merges and versions of datasets,Data science,Epistemic,Development,Endogenous,Partial,Moderate,High,SVM-001;SVM-153,,Developers; auditors,Implement dataset registry and immutable versioning,
SVM-005,Dataset deduplication rules,Methods and thresholds for removing duplicate records,Data science,Epistemic,Development,Endogenous,No,Moderate,High,SVM-002,,Developers,Define and automate deduplication; log decisions,
SVM-006,Label taxonomy choices,How labels and categories are defined and granularity,Data science,Epistemic,Development,Endogenous,No,Moderate,High,SVM-002;SVM-061,,Developers; affected communities,Include stakeholder input; document taxonomies,
SVM-007,Labeler recruitment & incentives,How annotators are selected paid and incentivized,Human factors engineering,Social,Development,Endogenous,No,Large,High,SVM-008;SVM-009,,Annotators; developers,Fair pay; training; bias mitigation; audits,
SVM-008,Labeler instructions & guidelines,Guidance given to human annotators,Human factors engineering,Social,Development,Endogenous,Partial,Moderate,High,SVM-002;SVM-009,,Annotators; developers,Standardize guidelines; examples; and review cycles,
SVM-009,Labeler quality monitoring,Ongoing checks on annotator performance,Quality engineering,Epistemic,Development,Endogenous,No,Moderate,High,SVM-002,,Developers; annotators,Use gold tests; periodic review; and feedback,
SVM-010,Synthetic data generation practices,Creation and use of synthetic datasets,Data science,Epistemic,Development,Endogenous,No,Large,High,SVM-001;SVM-002,,Developers; affected communities,Document synthesis methods; test for artifacts and bias,
SVM-011,Data augmentation techniques,Transforms applied to expand data,Data science,Epistemic,Development,Endogenous,No,Moderate,Medium,SVM-002,,Developers,Track augmentations; validate distributional impact,
SVM-012,Metadata retention & stripping,Policies for keeping or removing metadata from sources,Regulatory compliance,Governance,Development,Endogenous,Partial,Large,High,SVM-003;SVM-056,,Individuals; developers,Strip identifiers; or store minimal metadata with protections,
SVM-013,Cross-border data transfers,Movement of dataset copies across jurisdictions,Regulatory compliance,Governance,Development,Endogenous,Partial,Large,Critical,SVM-003;SVM-126,,Regulators; individuals; developers,Comply with data transfer rules; use SCCs; localize data,
SVM-014,Consent & licensing compliance,Permissions and licenses for data use,Regulatory compliance,Governance,Development,Endogenous,Partial,Large,Critical,SVM-015;SVM-073,,Developers; content creators; regulators,Maintain license registry; get explicit consents,
SVM-015,Use of copyrighted/licensed corpora,Training on proprietary or copyrighted materials,Regulatory compliance,Governance,Development,Endogenous,Partial,Large,Critical,SVM-014;SVM-073,,Content creators; developers; regulators,Seek licenses; record usage; consider exclusions,
SVM-016,Minority subpopulation exclusion,Rules that exclude underrepresented groups from datasets,Human factors engineering,Social,Development,Endogenous,No,Large,High,SVM-061;SVM-148,,Marginalized communities; developers,Review inclusion criteria; create supplemental datasets,
SVM-017,Sampling strategies & priors,How training samples are selected and weighted,Data science,Epistemic,Development,Endogenous,No,Moderate,High,SVM-001;SVM-061,,Developers; affected communities,Document sampling schemes and justify priors,
SVM-018,Holdout set construction,Creation of validation and test sets representative of deployment,Quality engineering,Epistemic,Development,Endogenous,Partial,Moderate,High,SVM-020;SVM-060,,Developers; evaluators,Create immutable holdouts; diverse representation,
SVM-019,Unavailable or non-representative holdouts,Missing representative holdout datasets,Quality engineering,Epistemic,Development,Endogenous,No,Large,High,SVM-060;SVM-148,,Developers; affected communities,Establish representative guarded testbeds,
SVM-020,Benchmark selection & manipulation,Choice and possible gaming of evaluation benchmarks,Quality engineering,Epistemic,Development,Endogenous,No,Large,High,SVM-042;SVM-165,,Developers; researchers; regulators,Use multiple benchmarks; prefer realistic tasks,
SVM-021,Pretraining curriculum & sampling schedules,Order and timing of pretraining data exposure,Data science,Epistemic,Training,Endogenous,No,Large,High,SVM-022;SVM-023,,Developers,Document curriculum and test sensitivity to schedules,
SVM-022,Pretraining objectives & loss functions,Choice of training objectives and surrogate losses,Systems architecture,Epistemic,Training,Endogenous,Partial,Moderate,High,SVM-023;SVM-165,,Developers,Evaluate objectives for alignment and robustness,
SVM-023,Proxy objectives & reward shaping,Use of proxy metrics that may misalign incentives,Systems architecture,Epistemic,Training,Endogenous,No,Large,Critical,SVM-165;SVM-193,,Developers; society,Align proxies with human values; multi-objective training,
SVM-024,Model architecture choices,Design decisions for model structure and components,Systems architecture,Epistemic,Development,Endogenous,Partial,Moderate,Medium,SVM-031;SVM-136,,Developers,Document architecture rationale and evaluate failure modes,
SVM-025,Tokenizer/vocabulary construction,How text is tokenized and vocabularies defined,Systems architecture,Epistemic,Development,Endogenous,Partial,Moderate,Medium,SVM-078;SVM-080,,Developers; multilingual users,Test on multilingual and edge-case inputs,
SVM-026,Pretrained component reuse,Using external pretrained models or checkpoints,Systems architecture,Epistemic,Development,Endogenous,Partial,Moderate,High,SVM-027;SVM-107,,Developers; downstream users,Vet provenance; evaluate inherited biases,
SVM-027,Transfer learning & fine-tuning data,Data used in subsequent fine-tuning phases,Data science,Epistemic,Training,Endogenous,Partial,Moderate,High,SVM-028;SVM-153,,Developers,Audit fine-tune datasets; maintain lineage,
SVM-028,Iterative fine-tuning loops,Continuous adaptation loops post-deployment,Systems architecture,Epistemic,Operation,Endogenous,No,Large,Critical,SVM-092;SVM-121,,Developers; end users,Apply gating; monitor drift; require approvals,
SVM-029,Hyperparameter tuning processes,Automated or manual search prioritizing performance,Systems architecture,Epistemic,Training,Endogenous,No,Moderate,Medium,SVM-022;SVM-165,,Developers,Include safety objectives in tuning,
SVM-030,Random-seed management & reproducibility,Control and documentation of randomness in experiments,Systems architecture,Epistemic,Development,Endogenous,No,Small,Medium,SVM-039,,Developers; researchers,Log seeds; make experiments reproducible,
SVM-031,Model pruning & compression choices,Techniques that change model capacity and behavior,Systems architecture,Epistemic,Development,Endogenous,No,Moderate,Medium,SVM-024;SVM-043,,Developers,Validate compressed models against original safety tests,
SVM-032,Automated model-editing tools,Programmatic weight edits or patching,Systems architecture,Epistemic,Development,Endogenous,No,Large,High,SVM-034;SVM-087,,Developers; security teams,Restrict access; log edits; require review,
SVM-033,Embedding & intermediate artifact release,Sharing embeddings checkpoints or features externally,Systems architecture,Epistemic,Deployment,Endogenous,Partial,Large,High,SVM-072;SVM-152,,Developers; downstream users; regulators,Restrict releases; apply licensing and access controls,
SVM-034,Security of dev environments,Protections against theft poisoning or leakage during research,Physical security engineering,Physical,Development,Endogenous,Partial,Large,Critical,SVM-035;SVM-104,,Developers; organizations,Harden environments; IAM; auditing; network controls,
SVM-035,Access to compute resources,Who can provision large-scale compute and how,Data center operations,Physical,Training,Endogenous,No,Large,Critical,SVM-036;SVM-103,,Developers; researchers; society,Access controls; approval workflows; monitoring,
SVM-036,Compute concentration risks,Centralized access enabling rapid capability scaling,Data center operations,Economic,Training,Endogenous,No,Large,Critical,SVM-035;SVM-E006;SVM-E007,,Society; smaller developers; nations,Diverse procurement; oversight of large jobs,
SVM-037,Dependency & library management,Third-party libraries and their vulnerabilities,Firmware engineering,Epistemic,Development,Endogenous,Partial,Moderate,High,SVM-067;SVM-106,,Developers; security teams,Pin versions; CVE monitoring; SBOMs,
SVM-038,CI/CD gating for models,Automated pipelines for deployment with checks,Systems architecture,Epistemic,Deployment,Endogenous,Partial,Moderate,High,SVM-096;SVM-137,,Developers; operations teams,Enforce safety gates; require approvals for releases,
SVM-039,Experiment metadata logging,Recording parameters datasets outcomes of experiments,Systems architecture,Epistemic,Development,Endogenous,Partial,Moderate,High,SVM-030;SVM-087,,Developers; auditors,Centralized experiment tracking and retention policies,
SVM-040,Undocumented default settings,Default parameters in internal tools that are unrecorded,Systems architecture,Epistemic,Development,Endogenous,No,Moderate,High,SVM-064;SVM-087,,Developers; users,Document defaults and require explicit overrides,
SVM-041,Model interpretability tools usage,Availability and use of explainability methods in dev,Systems architecture,Epistemic,Development,Endogenous,Partial,Moderate,Medium,SVM-136;SVM-135,,Developers; regulators; affected users,Integrate interpretable models and explanations into reviews,
SVM-042,Internal evaluation criteria,Proprietary metrics that ignore fairness or safety,Quality engineering,Epistemic,Development,Endogenous,No,Large,High,SVM-020;SVM-064,,Developers; affected communities,Adopt multi-metric evaluations including safety and fairness,
SVM-043,Adversarial robustness testing,Tests against adversarial inputs and attacks,Safety engineering,Epistemic,Development,Endogenous,Partial,Moderate,High,SVM-044;SVM-046,,Developers; security teams,Regular adversarial testing and red-teaming,
SVM-044,Red-team scope & resourcing,Extent and scale of adversarial testing exercises,Safety engineering,Epistemic,Development,Endogenous,No,Moderate,High,SVM-043;SVM-149,,Developers; security teams,Fund red teams; define scope; integrate findings,
SVM-045,Internal threat modeling practices,Structured threat analysis during design,Risk management,Governance,Development,Endogenous,No,Moderate,High,SVM-034;SVM-044,,Developers; security teams,Embed threat modeling in design sprints,
SVM-046,Safety red-team tooling,Tools and harnesses for adversarial evaluation,Safety engineering,Epistemic,Development,Endogenous,No,Moderate,High,SVM-043;SVM-044,,Developers; security teams,Develop internal tools and share learnings,
SVM-047,Human-in-the-loop protocols,When humans intervene in model decisions,Human factors engineering,Governance,Deployment,Endogenous,Partial,Moderate,Critical,SVM-090;SVM-065,,Operators; affected individuals,Define HITL rules; training; and escalation paths,
SVM-048,Defaults for safety filters in dev builds,Safety filters enabled or disabled during internal testing,Safety engineering,Governance,Development,Endogenous,No,Large,Critical,SVM-112;SVM-119,,Developers; end users,Ensure dev builds include realistic filters or label as unsafe,
SVM-049,Moderation & content policy definitions,Internal safety policies for generated content,Regulatory compliance,Governance,Operation,Endogenous,Partial,Moderate,High,SVM-112;SVM-143,,Developers; operators; users,Standardize policies; align with law and ethics,
SVM-050,Prompt corpora & instruction sets,Internal prompts used to steer models during training,Data science,Epistemic,Training,Endogenous,No,Large,High,SVM-168;SVM-169,,Developers; affected users,Audit prompt corpora and document riskier instructions,
SVM-051,Few-shot/one-shot example selection,Choosing examples for in-context learning,Data science,Epistemic,Training,Endogenous,No,Moderate,Medium,SVM-050,,Developers,Diversify examples and document selection rationale,
SVM-052,Simulation environment fidelity,Realism of simulated environments used for RL or testing,Systems architecture,Epistemic,Training,Endogenous,No,Moderate,High,SVM-023;SVM-164,,Developers,Validate sims against real-world distributions,
SVM-053,Feedback-loop selection bias,Training on deployment logs that bias models,Data science,Epistemic,Operation,Endogenous,No,Large,High,SVM-001;SVM-092,,Developers; affected communities,Correct for selection bias; maintain separate evaluation sets,
SVM-054,Deployment logging & telemetry policies,What user data is logged and stored in deployment,Regulatory compliance,Governance,Operation,Endogenous,Partial,Large,Critical,SVM-055;SVM-109,,Users; operators; regulators,Minimize logs; anonymize; clear retention policies,
SVM-055,User data retention rules,How long user inputs are stored,Regulatory compliance,Governance,Operation,Endogenous,Partial,Large,Critical,SVM-054;SVM-003,,Users; regulators,Define retention limits; offer deletion mechanisms,
SVM-056,Anonymization & de-identification methods,Techniques to remove identifying info from data,Data science,Epistemic,Development,Endogenous,Partial,Moderate,High,SVM-003;SVM-057,,Individuals; developers,Use differential privacy; k-anonymity with evaluation,
SVM-057,Differential privacy application,Use of DP algorithms to protect individual data,Data science,Epistemic,Development,Endogenous,Partial,Moderate,High,SVM-056;SVM-003,,Individuals; developers,Apply DP where personal data present; audit epsilon values,
SVM-058,Synthetic user simulation methods,How synthetic users are generated for testing,Data science,Epistemic,Development,Endogenous,No,Moderate,Medium,SVM-010;SVM-052,,Developers,Document methods and test for artifacts,
SVM-059,Model attribution & watermarking,Techniques to identify model outputs,Systems architecture,Epistemic,Deployment,Endogenous,No,Moderate,Medium,SVM-128;SVM-179,,Developers; content consumers,Consider watermarking for provenance and abuse tracking,
SVM-060,Evaluation on vulnerable groups,Testing performance on protected or vulnerable populations,Human factors engineering,Social,Development,Endogenous,No,Large,Critical,SVM-148;SVM-062,,Vulnerable populations; developers,Ensure targeted audits and remedial data collection,
SVM-061,Bias mitigation techniques,Methods applied to reduce model bias,Systems architecture,Social,Development,Endogenous,Partial,Moderate,High,SVM-016;SVM-148,,Affected communities; developers,Implement and evaluate bias mitigation; document tradeoffs,
SVM-062,Accessibility testing standards,Testing for users with disabilities,Human factors engineering,Social,Development,Endogenous,No,Moderate,High,SVM-060,,Users with disabilities; developers,Include accessibility benchmarks and engage users with disabilities,
SVM-063,Model calibration practices,Techniques to ensure output probabilities are meaningful,Systems architecture,Epistemic,Training,Endogenous,No,Moderate,Medium,SVM-118;SVM-113,,Developers; end users,Calibrate models and monitor over time,
SVM-064,Undisclosed performance tradeoffs,Hidden tradeoffs between accuracy and safety,Systems architecture,Epistemic,Development,Endogenous,No,Large,High,SVM-042;SVM-136,,Developers; affected users; regulators,Document tradeoffs and require sign-off for risky optimizations,
SVM-065,Internal escalation paths for harms,How detected harms are escalated within org,Risk management,Governance,Operation,Endogenous,Partial,Moderate,Critical,SVM-095;SVM-096,,Operators; affected individuals,Create clear escalation; roles; and timelines,
SVM-066,Responsible disclosure programs,Bug bounty and external vulnerability reporting,Risk management,Governance,Operation,Endogenous,Partial,Moderate,High,SVM-095;SVM-066,,Security researchers; developers; users,Establish programs and response SLAs,
SVM-067,Third-party vendor vetting,Due diligence for external data models or services,Strategic sourcing,Governance,Development,Endogenous,Partial,Large,High,SVM-106;SVM-107,,Developers; downstream users,Vendor risk assessments and contractual safeguards,
SVM-068,Federated learning protocols,How federated training is conducted and secured,Systems architecture,Epistemic,Training,Endogenous,No,Large,High,SVM-069;SVM-034,,Developers; data contributors,Secure aggregation; incentive alignment; and audits,
SVM-069,Multi-party training governance,Governance of joint training across organizations,Regulatory compliance,Governance,Training,Endogenous,No,Large,High,SVM-068;SVM-134,,Organizations; regulators,Define governance; roles; liabilities; and data controls,
SVM-070,Economic/market incentives,Business incentives that influence development choices,Program management,Economic,Development,Endogenous,No,Large,Critical,SVM-160;SVM-023,,Developers; society; affected communities,Align KPIs with safety and long-term impact,
SVM-071,Research publication norms,What is shared in preprints and code releases,Risk management,Epistemic,Deployment,Endogenous,Partial,Moderate,High,SVM-072;SVM-033,,Researchers; developers; society,Red-team before release; share safety notes with publications,
SVM-072,Open-source release policies,Rules for releasing models code and weights,Risk management,Governance,Deployment,Endogenous,Partial,Large,High,SVM-033;SVM-152,,Developers; downstream users; society,Risk assessments and staged release policies,
SVM-073,Licensing choices for artifacts,License terms for released models and data,Regulatory compliance,Governance,Deployment,Endogenous,Partial,Moderate,Medium,SVM-014;SVM-015,,Developers; users; content creators,Choose licenses that limit misuse and ensure traceability,
SVM-074,Model naming and documentation,How models are labeled and documented internally,Program management,Epistemic,Development,Endogenous,Partial,Small,Low,SVM-075;SVM-140,,Developers; operators,Standardized model cards and documentation templates,
SVM-075,Model cards & datasheets availability,Public and internal docs describing models and datasets,Risk management,Governance,Deployment,Endogenous,Partial,Moderate,High,SVM-147;SVM-123,,Developers; regulators; users,Publish model cards and datasheets for audits,
SVM-076,Environmental/resource accounting,Carbon and emissions and resource costs of training,Carbon accounting,Ecological,Training,Endogenous,No,Moderate,High,SVM-E001;SVM-E002;SVM-E003,SVM-E008,Developers; society; planet,Track emissions; optimize efficiency; offset prudently,
SVM-077,Sustainability assumptions in design,Implicit assumptions about energy and resource use,Carbon accounting,Ecological,Development,Endogenous,No,Moderate,High,SVM-076;SVM-E001,,Developers; society,Document assumptions and monitor resource use,
SVM-078,Undisclosed multilingual support limits,Lack of documented performance per language,Human factors engineering,Social,Deployment,Endogenous,No,Moderate,High,SVM-025;SVM-079,,Non-English speakers; developers,Benchmark per language and document limitations,
SVM-079,Rare-language & low-resource data handling,How minority languages are included or excluded,Data science,Social,Development,Endogenous,No,Large,High,SVM-078;SVM-016,,Language communities; developers,Collect targeted corpora; engage native speakers,
SVM-080,Tokenizer handling of diverse inputs,Tokenizer behavior on emojis code and mixed scripts,Systems architecture,Epistemic,Development,Endogenous,No,Moderate,Medium,SVM-025,,Developers; diverse users,Test tokenizer on varied inputs and edge cases,
SVM-081,Multimodal alignment rules,How cross-modal pairings are created and validated,Data science,Epistemic,Development,Endogenous,No,Large,High,SVM-082;SVM-001,,Developers,Document pairing rules and validate alignment quality,
SVM-082,Vision-language pairing fidelity,Quality of image-text pairs used in training,Data science,Epistemic,Development,Endogenous,No,Large,High,SVM-081;SVM-002,,Developers; affected communities,Curate pairs; detect misalignments; manual review,
SVM-083,Labeler labor conditions,Worker protections pay and mental-health safeguards,Human factors engineering,Social,Development,Endogenous,No,Large,High,SVM-007;SVM-084,,Annotators; labor advocates,Fair labor practices; rotations; support systems,
SVM-084,Compensation-linked quality effects,Effect of payment rates on label quality,Human factors engineering,Social,Development,Endogenous,No,Moderate,Medium,SVM-002;SVM-009,,Annotators; developers,Calibrate pay and QA to ensure quality,
SVM-085,Internal knowledge silos,Communication gaps between product research and safety teams,Program management,Governance,Development,Endogenous,No,Moderate,High,SVM-064;SVM-134,,Developers; operators; affected users,Cross-team meetings; shared documentation; governance boards,
SVM-086,Secret/test corpora handling,Management of private datasets used for evaluation,Data science,Epistemic,Development,Endogenous,No,Moderate,High,SVM-001;SVM-034,,Developers; auditors,Access controls; logging; and limited sharing policies,
SVM-087,Unlogged experiment branches,Experiments run without proper tracking,Systems architecture,Epistemic,Development,Endogenous,No,Moderate,High,SVM-039;SVM-064,,Developers; auditors,Enforce experiment logging and approvals,
SVM-088,Model ownership & stewardship,Clear assignment of responsibility for models,Program management,Governance,Operation,Endogenous,Partial,Moderate,High,SVM-140;SVM-146,,Developers; operators; regulators,Define owners; stewards; and lifecycle responsibilities,
SVM-089,Internal training for safety practices,Education and onboarding for safe development,Safety engineering,Governance,Development,Endogenous,Partial,Moderate,High,SVM-065;SVM-180,,Developers; operators,Mandatory safety training and refreshers,
SVM-090,Standards for human overrides,Rules for when humans can override model outputs,Human factors engineering,Governance,Operation,Endogenous,No,Moderate,Critical,SVM-047;SVM-065,,Operators; affected individuals,Formalize override rules; auditing; and logging,
SVM-091,Fallback strategies for failures,Plans when model fails or produces unsafe output,Safety engineering,Governance,Operation,Endogenous,No,Moderate,High,SVM-096;SVM-142,,Operators; users,Define safe fallbacks and circuit breakers,
SVM-092,Monitoring for distributional shift,Systems to detect data drift post-deployment,Systems architecture,Epistemic,Operation,Endogenous,Partial,Moderate,High,SVM-028;SVM-053,,Developers; operators,Drift detectors and retraining triggers,
SVM-093,Continuous monitoring SLAs,Agreed service levels for monitoring and response,Program management,Governance,Operation,Endogenous,No,Moderate,High,SVM-094;SVM-065,,Operators; users,Define SLAs and incident response plans,
SVM-094,Alerting thresholds & on-call rotations,Operational thresholds and personnel assignments,Data center operations,Governance,Operation,Endogenous,Partial,Moderate,High,SVM-093;SVM-065,,Operators; users,Define thresholds; runbooks; and rotations,
SVM-095,User reporting & remediation channels,How users report harms and get remediation,Human factors engineering,Governance,Operation,Endogenous,Partial,Moderate,High,SVM-065;SVM-066,,Users; operators,Provide clear channels and timely responses,
SVM-096,Responsible rollback procedures,Safe rollbacks for harmful releases,Risk management,Governance,Operation,Endogenous,Partial,Moderate,Critical,SVM-038;SVM-091,,Operators; users,Test rollback procedures and authority,
SVM-097,Model update policies,Frequency and governance of model updates,Program management,Governance,Operation,Endogenous,Partial,Moderate,High,SVM-028;SVM-140,,Developers; operators,Define update cadence; safety checks; and documentation,
SVM-098,A/B test ethics & sampling,Ethical procedures for experiments involving users,Human factors engineering,Governance,Operation,Endogenous,No,Large,High,SVM-099;SVM-206,,Users; researchers,Ethics review for A/B tests and informed consent when needed,
SVM-099,User consent UX patterns,How consent is obtained and displayed,Human factors engineering,Governance,Deployment,Endogenous,Partial,Moderate,High,SVM-003;SVM-232,,Users; regulators,Clear consent UI and granular choices,
SVM-100,Privacy-preserving deployment options,Techniques for limited exposure of models,Systems architecture,Governance,Deployment,Endogenous,Partial,Moderate,Medium,SVM-003;SVM-056,,Users; developers,Explore on-device inference and encrypted computation,
SVM-101,Encryption of data at rest and transit,Use of encryption for stored and transmitted data,Physical security engineering,Physical,Operation,Endogenous,Partial,Small,Medium,SVM-102;SVM-034,,Developers; users,Enforce encryption and key management best practices,
SVM-102,Key management practices,Handling of cryptographic keys,Physical security engineering,Physical,Operation,Endogenous,Partial,Moderate,High,SVM-101;SVM-034,,Developers; security teams,Enterprise KMS and rotation policies,
SVM-103,Access controls and IAM,Who can access models data and infra,Physical security engineering,Governance,Operation,Endogenous,Partial,Moderate,Critical,SVM-034;SVM-035,,Developers; operators; security teams,Role-based access; least privilege; regular audits,
SVM-104,Insider threat detection,Monitoring for malicious or negligent insiders,Physical security engineering,Governance,Operation,Endogenous,No,Moderate,High,SVM-034;SVM-103,,Organizations; developers,Behavioral analytics and strict access controls,
SVM-105,Data poisoning detection,Methods to detect poisoned or malicious inputs during training,Safety engineering,Epistemic,Training,Endogenous,No,Large,High,SVM-001;SVM-110,,Developers; security teams,Poison detection tools and anomalies monitoring,
SVM-106,Supply chain risk for datasets,Risks from third-party data suppliers,Strategic sourcing,Physical,Development,Endogenous,No,Large,High,SVM-067;SVM-001,SVM-E010,Developers; downstream users,Supply chain audits and contractual safeguards,
SVM-107,Third-party model risk assessments,Evaluations of external pretrained models,Risk management,Governance,Development,Endogenous,Partial,Moderate,High,SVM-026;SVM-067,,Developers; downstream users,Conduct security and safety assessments before use,
SVM-108,SBOM for ML systems,Software bill of materials for model stacks,Systems architecture,Governance,Development,Endogenous,No,Moderate,Medium,SVM-037;SVM-106,,Developers; regulators; security teams,Maintain SBOMs and dependency audits,
SVM-109,Logging of data access and usage,Auditing who accessed which data and when,Systems architecture,Governance,Operation,Endogenous,Partial,Moderate,High,SVM-054;SVM-103,,Developers; auditors,Comprehensive access logs with retention and review,
SVM-110,Anomaly detection in training data,Automated checks for unusual data patterns,Data science,Epistemic,Training,Endogenous,No,Moderate,High,SVM-105;SVM-002,,Developers; security teams,Integrate anomaly detection in data pipelines,
SVM-111,Undocumented sampling from web scrapes,Ad-hoc scraping without records or consent,Data science,Epistemic,Development,Endogenous,No,Large,Critical,SVM-001;SVM-014,,Content creators; individuals; developers,Document scrapes; respect robots.txt and licenses,
SVM-112,Curation for harmful content removal,Policies for excluding harmful content from datasets,Regulatory compliance,Governance,Development,Endogenous,Partial,Large,Critical,SVM-049;SVM-143,,Users; vulnerable populations; developers,Define exclusion criteria and review processes,
SVM-113,Evaluation for hallucination propensity,Testing for tendency to invent facts,Quality engineering,Epistemic,Development,Endogenous,No,Moderate,High,SVM-114;SVM-063,,Users; developers; society,Benchmark hallucinations and apply mitigations,
SVM-114,Fact-checking integration,Use of external knowledge or tools to verify outputs,Systems architecture,Epistemic,Operation,Endogenous,Partial,Moderate,High,SVM-113;SVM-115,,Users; developers,Integrate retrieval and verification layers with confidence scoring,
SVM-115,Retrieval data freshness policies,How often knowledge bases used for retrieval are updated,Systems architecture,Epistemic,Operation,Endogenous,No,Moderate,High,SVM-114;SVM-092,,Developers; operators,Define refresh cadences and stale-data mitigation,
SVM-116,Indexing and search bias,Biases introduced in retrieval and indexing pipelines,Systems architecture,Epistemic,Operation,Endogenous,No,Moderate,High,SVM-061;SVM-114,,Users; affected communities,Audit retrieval ranking and promote fairness,
SVM-117,Cold-start handling,Behavior when models encounter unseen inputs or users,Systems architecture,Epistemic,Operation,Endogenous,No,Moderate,Medium,SVM-091;SVM-118,,Users; developers,Define safe defaults and unknown-handling strategies,
SVM-118,Confidence estimation methods,How the model estimates and exposes uncertainty,Systems architecture,Epistemic,Operation,Endogenous,Partial,Moderate,High,SVM-063;SVM-113,,Developers; end users,Calibrate and surface uncertainties to downstream systems,
SVM-119,Post-processing and filters,Rules applied to raw model outputs before delivery,Systems architecture,Governance,Operation,Endogenous,Partial,Moderate,High,SVM-048;SVM-112,,Developers; operators,Document post-processing and test comprehensively,
SVM-120,Edge-case & outlier definitions,What counts as an outlier and how it is handled,Risk management,Epistemic,Operation,Endogenous,No,Moderate,High,SVM-091;SVM-117,,Developers; users,Define outlier criteria and handling procedures,
SVM-121,Monitoring for emergent behaviors,Detection of unexpected capabilities or modes,Safety engineering,Governance,Operation,Endogenous,No,Large,Critical,SVM-122;SVM-224,,Developers; society; regulators,Horizon scanning; capability testing; and kill-switches,
SVM-122,Capability escalation controls,Controls to limit model capability increases,Safety engineering,Governance,Development,Endogenous,No,Large,Critical,SVM-121;SVM-150,,Developers; regulators; society,Approval gates for capability-scaling experiments,
SVM-123,Market-facing disclosure practices,What is disclosed to customers about model limits,Regulatory compliance,Governance,Deployment,Endogenous,Partial,Moderate,High,SVM-075;SVM-147,,Users; operators; regulators,Transparent documentation and customer advisories,
SVM-124,Insurance & liability coverage,Insurance for harms caused by models,Regulatory compliance,Governance,Operation,Endogenous,No,Moderate,Medium,SVM-146;SVM-154,,Developers; operators; affected individuals,Engage insurers and define liability terms,
SVM-125,Regulatory reporting processes,How incidents are reported to authorities,Regulatory compliance,Governance,Operation,Endogenous,Partial,Moderate,High,SVM-065;SVM-146,,Operators; regulators,Define incident reporting flows and compliance contacts,
SVM-126,Cross-jurisdictional legal compliance,Alignment with laws across countries,Regulatory compliance,Governance,Operation,Endogenous,Partial,Large,High,SVM-013;SVM-144,SVM-E011,Developers; operators; regulators,Legal reviews and localized controls,
SVM-127,Encryption for model weights,Protecting model parameters from exfiltration,Physical security engineering,Physical,Operation,Endogenous,No,Moderate,High,SVM-101;SVM-128,,Developers; security teams,Encrypt weights at rest and use secure enclaves,
SVM-128,Model theft detection,Detecting unauthorized copies or usage of models,Physical security engineering,Physical,Operation,Endogenous,No,Moderate,High,SVM-127;SVM-059,,Developers; security teams,Use watermarking and monitor unusual usage patterns,
SVM-129,Data minimization practices,Collecting only necessary data for purposes stated,Regulatory compliance,Governance,Development,Endogenous,Partial,Moderate,High,SVM-003;SVM-055,,Users; developers; regulators,Adopt data minimization principles and audits,
SVM-130,Reproducible training pipelines,Pipelines that can be rerun to reproduce models,Systems architecture,Epistemic,Training,Endogenous,Partial,Moderate,Medium,SVM-030;SVM-039,,Developers; researchers,Use reproducible workflows and containerization,
SVM-131,Experimental vs production labeling,Clear separation of non-prod artifacts from production,Systems architecture,Governance,Development,Endogenous,No,Moderate,High,SVM-038;SVM-088,,Developers; operators,Tag environments clearly and restrict access to prod,
SVM-132,Rollback legal implications,Legal exposure when rolling back features,Regulatory compliance,Governance,Operation,Endogenous,No,Small,Medium,SVM-096;SVM-154,,Operators; legal teams,Legal review and clear contractual terms,
SVM-133,Public safety review boards,Independent review for high-risk releases,Risk management,Governance,Deployment,Endogenous,No,Large,Critical,SVM-134;SVM-151,,Society; developers; regulators,Establish external review or advisory boards,
SVM-134,Internal AI governance committees,Formal governance groups overseeing AI development,Risk management,Governance,Development,Endogenous,Partial,Moderate,High,SVM-133;SVM-146,,Developers; operators; regulators,Empower committees with veto and audit powers,
SVM-135,Auditability of models,Ability to trace decisions and data leading to outputs,Systems architecture,Governance,Operation,Endogenous,Partial,Large,Critical,SVM-041;SVM-109,,Regulators; developers; affected individuals,Build audit trails and explainability mechanisms,
SVM-136,Interpretability vs performance trade-offs,Decisions balancing explainability and accuracy,Systems architecture,Epistemic,Development,Endogenous,No,Moderate,High,SVM-041;SVM-064,,Developers; regulators; affected users,Document trade-offs and prefer interpretable options where safety-critical,
SVM-137,Staged release policies,Phased rollouts to limited audiences,Risk management,Governance,Deployment,Endogenous,Partial,Moderate,High,SVM-038;SVM-096,,Developers; operators; users,Use canary releases and monitor impacts closely,
SVM-138,User-level access controls,Granular controls for different user classes,Physical security engineering,Governance,Operation,Endogenous,Partial,Moderate,High,SVM-103;SVM-099,,Users; operators,Implement RBAC and permission reviews,
SVM-139,Third-party API rate limiting,Controls on third-party access to model APIs,Systems architecture,Governance,Operation,Endogenous,Partial,Moderate,High,SVM-103;SVM-138,,Operators; developers,Rate limits and abuse detection,
SVM-140,Model lifecycle documentation,Complete lifecycle records from design to retirement,Program management,Governance,Retirement,Endogenous,Partial,Moderate,High,SVM-088;SVM-141,,Developers; operators; auditors,Maintain lifecycle docs and retirement procedures,
SVM-141,Retirement & sunsetting policies,How models and data are deprecated and removed,Program management,Governance,Retirement,Endogenous,No,Moderate,Medium,SVM-140;SVM-214,,Developers; operators,Define sunset timelines and data deletion steps,
SVM-142,Fallback human review capacity,Capacity planning for human moderation under load,Human factors engineering,Governance,Operation,Endogenous,No,Moderate,High,SVM-091;SVM-047,,Operators; users,Staffing plans and surge protocols,
SVM-143,Misuse risk assessments,Analyses of how models could be repurposed maliciously,Risk management,Governance,Deployment,Endogenous,Partial,Moderate,Critical,SVM-163;SVM-199,,Developers; society; regulators,Conduct misuse assessments and implement mitigations,
SVM-144,Export controls & dual-use considerations,Restrictions on exporting high-capability models,Export control compliance,Governance,Deployment,Endogenous,Partial,Large,Critical,SVM-126;SVM-072,SVM-E011,Developers; operators; governments,Comply with export rules and classify sensitive tech,
SVM-145,High-risk domain restrictions,Policies preventing use in critical domains without approval,Regulatory compliance,Governance,Deployment,Endogenous,No,Large,Critical,SVM-143;SVM-181,,Developers; domain regulators; society,Restrict and require domain-specific validation,
SVM-146,Accountability mechanisms,Clear responsibilities and sanctions for harms,Risk management,Governance,Operation,Endogenous,No,Large,Critical,SVM-088;SVM-134,,Society; affected individuals; regulators,Define accountability frameworks and enforcement,
SVM-147,Transparency in model capabilities,Publicly disclosing known capabilities and limits,Regulatory compliance,Governance,Deployment,Endogenous,Partial,Moderate,High,SVM-075;SVM-123,,Users; regulators; society,Publish capability statements and limitations,
SVM-148,Testing for discriminatory impact,Audits focused on discrimination across groups,Human factors engineering,Social,Development,Endogenous,No,Large,Critical,SVM-060;SVM-061,,Marginalized communities; regulators,Regular discrimination testing and remediation plans,
SVM-149,Simulated adversary coverage,Range and depth of adversary models used in testing,Safety engineering,Epistemic,Development,Endogenous,No,Moderate,High,SVM-043;SVM-044,,Developers; security teams,Broaden adversary scenarios and document gaps,
SVM-150,Internal safety milestone gating,Safety milestones required before progressing projects,Safety engineering,Governance,Development,Endogenous,No,Moderate,Critical,SVM-122;SVM-134,,Developers; regulators,Require documented safety milestones and sign-offs,
SVM-151,Third-party audits & certifications,External assessments of practices and models,Risk management,Governance,Operation,Endogenous,Partial,Moderate,High,SVM-133;SVM-194,,Developers; regulators; society,Engage accredited auditors and remediate findings,
SVM-152,Open vs closed model policy,Decisions to open-source vs keep closed,Risk management,Governance,Deployment,Endogenous,Partial,Large,High,SVM-072;SVM-033,,Developers; society; downstream users,Risk-based release strategy with staged openness,
SVM-153,Data lineage for fine-tuning sources,Traceability of fine-tune dataset origins,Data science,Epistemic,Training,Endogenous,No,Moderate,High,SVM-027;SVM-001,,Developers; auditors,Maintain lineage records for all fine-tune data,
SVM-154,Legal risk modeling,Assessments of legal exposure for model behaviors,Regulatory compliance,Governance,Operation,Endogenous,No,Moderate,High,SVM-124;SVM-125,,Developers; legal teams,Legal risk assessments integrated into development,
SVM-155,Stakeholder engagement practices,Consultation with impacted communities,Program management,Social,Development,Endogenous,No,Large,High,SVM-016;SVM-060,,Affected communities; developers,Engage stakeholders early and iteratively,
SVM-156,Compensated community participation,Paying communities for data and feedback,Program management,Social,Development,Endogenous,No,Moderate,Medium,SVM-155;SVM-007,,Communities; developers,Fair compensation and clear agreements,
SVM-157,Compromise risk from public demos,What is exposed during demos and prototypes,Risk management,Governance,Deployment,Endogenous,No,Moderate,High,SVM-034;SVM-143,,Developers; competitors; security teams,Limit demos; use sanitized data; NDAs,
SVM-158,Data retention of training telemetry,How long training logs and telemetry are kept,Systems architecture,Governance,Training,Endogenous,Partial,Moderate,Medium,SVM-039;SVM-055,,Developers; auditors,Set retention limits and secure archives,
SVM-159,Use of underground or illicit data sources,Inadvertent inclusion of stolen or illicit data,Data science,Epistemic,Development,Endogenous,No,Large,Critical,SVM-001;SVM-111,,Individuals; developers; society,Vet sources and remove illicit data promptly,
SVM-160,Corporate incentives for speed vs safety,Organizational KPIs that prioritize rapid release,Program management,Economic,Development,Endogenous,No,Large,Critical,SVM-070;SVM-172,,Society; affected individuals; developers,Align incentives with safety metrics and balanced KPIs,
SVM-161,Exportability to uncontrolled environments,Ease of running models offline or in unsafe contexts,Systems architecture,Governance,Deployment,Endogenous,No,Large,High,SVM-144;SVM-072,,Developers; society; regulators,Restrict distribution and monitor model exports,
SVM-162,User personalization practices,How models personalize behavior to individual users,Systems architecture,Social,Operation,Endogenous,Partial,Moderate,High,SVM-003;SVM-163,,Users; developers,Privacy-safe personalization and opt-outs,
SVM-163,Targeted manipulation risk,Risk of models being used to manipulate specific groups,Risk management,Social,Operation,Endogenous,No,Large,Critical,SVM-199;SVM-228,,Society; vulnerable populations; regulators,Limit targeting capabilities and monitor misuse,
SVM-164,RL reward model transparency,Visibility into reward model data and alignment,Systems architecture,Epistemic,Training,Endogenous,No,Large,High,SVM-023;SVM-052,,Developers; regulators,Document reward datasets and alignment processes,
SVM-165,Proxy metric overfitting,Optimization to metrics that do not reflect real value,Systems architecture,Epistemic,Training,Endogenous,No,Moderate,High,SVM-023;SVM-042,,Developers; affected users,Use diverse real-world metrics and human evaluation,
SVM-166,Use of clandestine data pipelines,Hidden ETL pipelines sourcing data without oversight,Data science,Epistemic,Development,Endogenous,No,Large,Critical,SVM-001;SVM-111,,Developers; individuals; regulators,Audit pipelines and require approvals for new sources,
SVM-167,Credential leakage in datasets,Accidental inclusion of passwords tokens or secrets,Data science,Epistemic,Development,Endogenous,Partial,Large,Critical,SVM-034;SVM-001,,Developers; affected individuals,Scan datasets for secrets and remove immediately,
SVM-168,Model prompt-injection defenses,Protections against malicious prompts altering behavior,Safety engineering,Epistemic,Operation,Endogenous,No,Large,High,SVM-050;SVM-043,,Developers; users,Implement injection detection and policy enforcement,
SVM-169,Testing for instruction-following misuse,Assessing propensity to follow harmful instructions,Safety engineering,Epistemic,Development,Endogenous,No,Large,Critical,SVM-050;SVM-143,,Developers; society,Test instruction scenarios and limit dangerous capabilities,
SVM-170,Third-party content moderation reliance,Dependence on external moderation providers,Risk management,Governance,Operation,Endogenous,Partial,Moderate,High,SVM-049;SVM-067,,Operators; users,Vet providers and have redundancy,
SVM-171,Internal policy enforcement mechanisms,How policies are enforced internally,Risk management,Governance,Operation,Endogenous,No,Moderate,High,SVM-134;SVM-049,,Developers; operators,Define enforcement; audits; and consequences,
SVM-172,Safety budgeting in product planning,Allocation of time and funds for safety work,Program management,Governance,Development,Endogenous,No,Moderate,High,SVM-160;SVM-070,,Developers; operators,Require safety budgets in project plans,
SVM-173,Supply-chain provenance of compute hardware,Origin and security of training hardware,Reliability engineering,Physical,Fabrication,Endogenous,No,Moderate,Medium,SVM-034;SVM-E009,SVM-E005,Developers; security teams,Track hardware provenance and secure firmware,
SVM-174,Use of public vs private cloud resources,Location and controls around compute environments,Data center operations,Physical,Operation,Endogenous,Partial,Moderate,Medium,SVM-034;SVM-103,,Developers; operators,Apply consistent security controls across clouds,
SVM-175,Model fine-grain access logging,Per-inference logs for who called what model,Systems architecture,Governance,Operation,Endogenous,No,Moderate,High,SVM-103;SVM-109,,Operators; auditors,Implement detailed access logs with alerts,
SVM-176,Statistical disclosure risk assessments,Evaluating risk of re-identification from outputs,Data science,Epistemic,Deployment,Endogenous,No,Moderate,High,SVM-003;SVM-056,,Individuals; developers,Perform disclosure risk analysis pre-release,
SVM-177,Content provenance for training images,Source verification for image datasets,Data science,Epistemic,Development,Endogenous,No,Moderate,High,SVM-001;SVM-015,,Content creators; developers,Require source metadata and provenance checks,
SVM-178,Copyright takedown response processes,Handling requests to remove copyrighted material,Regulatory compliance,Governance,Operation,Endogenous,Partial,Moderate,Medium,SVM-014;SVM-015,,Content creators; developers,Define takedown workflows and responsiveness,
SVM-179,Model output liability tracing,Ability to trace harmful output to training causes,Systems architecture,Governance,Operation,Endogenous,No,Large,Critical,SVM-059;SVM-135,,Affected individuals; developers; regulators,Invest in causal traceability and logging,
SVM-180,Operator training for model oversight,Training ops staff on safety monitoring,Human factors engineering,Governance,Operation,Endogenous,Partial,Moderate,High,SVM-089;SVM-094,,Operators,Provide role-based training and simulations,
SVM-181,Standards for high-risk use approvals,Criteria and process to approve high-risk deployments,Risk management,Governance,Deployment,Endogenous,No,Large,Critical,SVM-145;SVM-134,,Developers; regulators; society,Formal approval boards and documented criteria,
SVM-182,Transparency around safety failures,Disclosure of incidents and mitigations,Risk management,Governance,Operation,Endogenous,No,Large,High,SVM-125;SVM-208,,Society; regulators; users,Publish post-incident reports and remediation steps,
SVM-183,Independent safety research access,Access provisions for external researchers to probe models,Risk management,Governance,Operation,Endogenous,Partial,Moderate,Medium,SVM-046;SVM-151,,Researchers; regulators; society,Define safe research access programs with controls,
SVM-184,Testing for economic harms,Assessing impacts like job displacement or market manipulation,Risk management,Economic,Development,Endogenous,No,Large,Medium,SVM-070;SVM-228,,Workers; communities; regulators,Include economic impact assessments for high-impact systems,
SVM-185,Cultural sensitivity reviews,Assessing outputs for cultural offensiveness or harm,Human factors engineering,Social,Development,Endogenous,No,Moderate,High,SVM-061;SVM-016,,Cultural communities; developers,Engage cultural experts and include reviews in testing,
SVM-186,Translation and localization validation,Validating model behavior after localization,Human factors engineering,Social,Deployment,Endogenous,No,Moderate,High,SVM-078;SVM-025,,Non-English users; developers,Local testing and native-speaker reviews,
SVM-187,Testing for legal/regulatory compliance,Pre-release checks against relevant laws,Regulatory compliance,Governance,Deployment,Endogenous,Partial,Moderate,High,SVM-125;SVM-126,,Developers; regulators,Legal sign-offs and compliance checklists,
SVM-188,Use of human feedback datasets,Collection and curation of human preference data,Data science,Epistemic,Training,Endogenous,Partial,Moderate,High,SVM-001;SVM-007,,Developers; annotators,Audit HF data for bias and consent,
SVM-189,Metrics for long-term harms,Measuring harms that unfold over time,Risk management,Epistemic,Operation,Endogenous,No,Large,High,SVM-228;SVM-092,,Society; regulators; researchers,Develop longitudinal monitoring and indicators,
SVM-190,Social engineering vulnerability testing,Assessing model use in social-engineering attacks,Safety engineering,Epistemic,Development,Endogenous,No,Large,High,SVM-043;SVM-163,,Users; developers; security teams,Simulate attacks and harden systems,
SVM-191,Dependency on large proprietary corpora,Reliance on massive opaque datasets,Data science,Epistemic,Development,Endogenous,No,Large,Critical,SVM-001;SVM-106,,Developers; regulators; society,Increase transparency and diversify sources,
SVM-192,Confidential data leakage testing,Assessing risk models reveal confidential corpora content,Safety engineering,Epistemic,Development,Endogenous,No,Large,Critical,SVM-003;SVM-176,,Individuals; developers; regulators,Perform extraction tests and privacy evaluation,
SVM-193,Alignment evaluation benchmarks,Benchmarks specifically for alignment and goal-directed safety,Safety engineering,Epistemic,Development,Endogenous,No,Moderate,Critical,SVM-020;SVM-023,,Developers; society,Develop alignment benchmarks and require passing thresholds,
SVM-194,Certification of high-risk models,Formal third-party certification frameworks,Risk management,Governance,Deployment,Endogenous,No,Large,Critical,SVM-151;SVM-133,,Developers; regulators; society,Advocate for certification standards and adopt them,
SVM-195,Policy for low-likelihood high-impact scenarios,Planning for rare catastrophic failures,Risk management,Governance,Operation,Endogenous,No,Large,Critical,SVM-121;SVM-224,,Society; regulators; developers,Scenario planning and runbooks for extreme events,
SVM-196,Internal model threat intelligence,Collecting and sharing intel on emerging threats to models,Risk management,Governance,Operation,Endogenous,No,Moderate,High,SVM-045;SVM-044,,Developers; security teams,Establish threat intel functions and info sharing,
SVM-197,Model usage billing incentives,Pricing models that incentivize risky usage patterns,Program management,Economic,Operation,Endogenous,No,Moderate,Medium,SVM-070;SVM-160,,Users; developers; society,Align pricing to discourage high-risk uses,
SVM-198,Aggregate vs individual-level testing,Ensuring tests cover individual-level harms not only aggregates,Quality engineering,Epistemic,Development,Endogenous,No,Moderate,High,SVM-060;SVM-148,,Individuals; developers,Include micro-level audits and case studies,
SVM-199,Testing for persuasion & influence,Assessing capacity to persuade or manipulate users,Safety engineering,Social,Development,Endogenous,No,Large,Critical,SVM-163;SVM-143,,Society; users; regulators,Benchmark persuasion risks and restrict high-risk deployments,
SVM-200,Automated policy enforcement tools,Tools that apply content and policy rules at scale,Systems architecture,Governance,Operation,Endogenous,Partial,Moderate,High,SVM-049;SVM-119,,Developers; operators,Develop robust rule engines with human review loops,
SVM-201,Model behavior under resource constraints,Behavior when CPU/memory limits affect outputs,Systems architecture,Epistemic,Operation,Endogenous,No,Moderate,Medium,SVM-091;SVM-117,,Developers; users,Test under constrained environments and define safe degradation,
SVM-202,Dataset licensing traceability,Ability to show chain of licenses for dataset components,Regulatory compliance,Governance,Development,Endogenous,No,Moderate,High,SVM-014;SVM-073,,Developers; content creators,Maintain license manifests and provenance records,
SVM-203,Use of copyrighted code corpora,Training on source code with license implications,Regulatory compliance,Governance,Development,Endogenous,Partial,Large,High,SVM-014;SVM-015,,Developers; open-source community,Track code sources and honor licenses,
SVM-204,Experiment approval workflows,Formal approvals before risky experiments,Program management,Governance,Development,Endogenous,No,Moderate,High,SVM-087;SVM-045,,Developers; safety teams,Enforce approval gates with documented risk assessments,
SVM-205,Model output sanitization defaults,Default behaviors that sanitize or redact outputs,Systems architecture,Governance,Operation,Endogenous,No,Moderate,High,SVM-119;SVM-048,,Developers; operators; users,Configure safe defaults and require explicit opt-in to disable,
SVM-206,Human subject protections in user studies,Protections when involving human participants,Human factors engineering,Governance,Operation,Endogenous,Partial,Moderate,High,SVM-098;SVM-099,,Research participants; developers,IRB-like reviews and consent procedures,
SVM-207,Competency requirements for safety reviewers,Qualifications for those approving safety gates,Safety engineering,Governance,Development,Endogenous,No,Moderate,High,SVM-089;SVM-150,,Developers; organizations,Define competency standards and training for reviewers,
SVM-208,Public incident disclosure thresholds,When to publicly disclose incidents,Regulatory compliance,Governance,Operation,Endogenous,No,Moderate,High,SVM-125;SVM-182,,Society; users; regulators,Define thresholds and disclosure processes,
SVM-209,Model update provenance,Tracing what changed between model versions,Systems architecture,Epistemic,Operation,Endogenous,Partial,Moderate,High,SVM-140;SVM-097,,Developers; auditors,Changelogs and diffs for models and datasets,
SVM-210,Differential access to safety features,Some customers get safety features others do not,Risk management,Governance,Operation,Endogenous,No,Moderate,High,SVM-099;SVM-138,,Users; developers; regulators,Standardize safety features and avoid privileged exemptions,
SVM-211,User education materials about limits,Guidance provided to end users on model capabilities,Human factors engineering,Governance,Deployment,Endogenous,Partial,Moderate,Medium,SVM-075;SVM-123,,Users; developers,Provide clear user guides and disclaimers,
SVM-212,Supply chain contractual clauses,Contracts with suppliers covering safety and provenance,Strategic sourcing,Governance,Development,Endogenous,Partial,Moderate,High,SVM-067;SVM-106,,Developers; suppliers,Include safety; audit; and liability clauses in contracts,
SVM-213,Internal KPI measurement of safety work,How organizations measure safety effort success,Program management,Governance,Operation,Endogenous,No,Moderate,High,SVM-160;SVM-172,,Developers; operators,Define KPIs tied to outcomes and audits,
SVM-214,Model retirement data sanitization,Removing models and associated data securely,Data center operations,Physical,Retirement,Endogenous,No,Moderate,Medium,SVM-141;SVM-140,,Developers; operators; users,Secure deletion and archival policies,
SVM-215,External communication strategies for harms,PR and comms approach when harms occur,Program management,Governance,Operation,Endogenous,No,Moderate,Medium,SVM-208;SVM-182,,Society; users; developers,Predefine comms templates and roles,
SVM-216,Testing for emergent multi-step behaviors,Assessing models for planning or long-horizon capabilities,Safety engineering,Epistemic,Development,Endogenous,No,Large,Critical,SVM-121;SVM-122,,Developers; society,Test multi-step planning tasks and limit capabilities,
SVM-217,Access to model internals for regulators,Providing regulators with access to models for oversight,Risk management,Governance,Operation,Endogenous,No,Large,High,SVM-135;SVM-151,,Regulators; society,Establish secure regulator access provisions,
SVM-218,Data subject rights handling,Mechanisms to handle deletion and access requests,Regulatory compliance,Governance,Operation,Endogenous,Partial,Moderate,High,SVM-055;SVM-003,,Individuals; regulators,Implement DSAR processes and interfaces,
SVM-219,Undocumented incentives in research funding,Funding rules that bias toward sensational results,Program management,Epistemic,Development,Endogenous,No,Moderate,Medium,SVM-070;SVM-042,,Researchers; society,Promote funding for safety and replication studies,
SVM-220,Use of heuristics in data cleaning,Manual heuristics applied during preprocessing without docs,Data science,Epistemic,Development,Endogenous,No,Moderate,High,SVM-002;SVM-001,,Developers,Document heuristics and test impacts,
SVM-221,Model prompt engineering corpora leakage,Risk that internal prompt libraries leak and reveal unsafe steering,Systems architecture,Epistemic,Operation,Endogenous,No,Moderate,High,SVM-050;SVM-034,,Developers; security teams,Restrict access; log usage; and redact sensitive prompts,
SVM-222,Testing for co-adaptation with user behavior,Assessing models that adapt to users and create dependency loops,Safety engineering,Social,Operation,Endogenous,No,Large,High,SVM-163;SVM-162,,Users; society; developers,Simulate long-term interactions and assess feedback loops,
SVM-223,Model performance equity metrics,Measures for equitable performance across groups,Quality engineering,Social,Development,Endogenous,No,Large,Critical,SVM-061;SVM-148,,Marginalized communities; developers; regulators,Include equity metrics in acceptance criteria,
SVM-224,Governance for emergent capability discovery,Processes to handle discovery of unanticipated capabilities,Risk management,Governance,Operation,Endogenous,No,Large,Critical,SVM-121;SVM-122,,Developers; regulators; society,Require immediate escalation and capability pause procedures,
SVM-225,Policies for dataset deletion requests,Handling requests to remove data from training corpora,Regulatory compliance,Governance,Operation,Endogenous,Partial,Moderate,High,SVM-055;SVM-218,,Individuals; developers; regulators,Define deletion workflows and communication processes,
SVM-226,Testing for privacy leakage via APIs,Assessing whether API outputs leak training data,Safety engineering,Epistemic,Operation,Endogenous,No,Large,Critical,SVM-192;SVM-003,,Individuals; developers,Perform extraction tests and limit verbose outputs,
SVM-227,Standards for multi-stakeholder audits,Frameworks for involving external stakeholders in audits,Risk management,Governance,Operation,Endogenous,No,Moderate,High,SVM-151;SVM-133,,Society; regulators; developers,Develop standards and include community reps in audits,
SVM-228,Metrics for societal-scale harms,Measuring impacts like misinformation spread or social destabilization,Risk management,Social,Operation,Endogenous,No,Large,Critical,SVM-189;SVM-163,,Society; regulators; researchers,Develop macro-level monitoring and partnerships with researchers,
SVM-229,Product design choices that encourage risky use,UX patterns that nudge users to risky behaviors,Human factors engineering,Social,Deployment,Endogenous,No,Large,High,SVM-163;SVM-222,,Users; society; developers,Apply ethical UX review and nudge audits,
SVM-230,Access to model debugging tools,Who can use internal debuggers that reveal model internals,Systems architecture,Governance,Development,Endogenous,No,Moderate,High,SVM-103;SVM-135,,Developers; security teams,Restrict debug tools to vetted staff and log usage,
SVM-231,Interdependence of multiple models,Risks when several models interact in a system,Systems architecture,Epistemic,Operation,Endogenous,No,Moderate,High,SVM-121;SVM-092,,Developers; operators,Test interactions end-to-end and simulate cascades,
SVM-232,Default opt-in vs opt-out for data collection,Whether users are auto-enrolled in data sharing,Regulatory compliance,Governance,Operation,Endogenous,No,Moderate,High,SVM-099;SVM-003,,Users; regulators,Prefer opt-in and clear consent for data collection,
SVM-233,Granularity of monitoring metrics,Level of detail captured for monitoring model behavior,Systems architecture,Governance,Operation,Endogenous,Partial,Moderate,High,SVM-092;SVM-094,,Developers; operators,Capture fine-grained metrics but balance privacy,
SVM-234,Legal jurisdiction for contracts with vendors,Governing law clauses affecting enforcement,Regulatory compliance,Governance,Operation,Endogenous,Partial,Small,Medium,SVM-126;SVM-067,,Developers; legal teams,Use favorable jurisdictions and clear dispute resolution,
SVM-235,Ethics review committee independence,Degree to which ethics boards are independent from product teams,Risk management,Governance,Development,Endogenous,No,Moderate,High,SVM-134;SVM-133,,Developers; society,Ensure independence and external membership,
SVM-236,Mechanisms to prevent model laundering,Preventing transfer of capabilities through intermediate releases,Risk management,Governance,Deployment,Endogenous,No,Large,Critical,SVM-033;SVM-072,,Society; regulators; developers,Track capability lineage and control staged releases,
SVM-237,Testing for long-term reward hacking,Assessing whether models find undesirable long-term strategies,Safety engineering,Epistemic,Development,Endogenous,No,Large,Critical,SVM-023;SVM-165,,Developers; society,Simulate long-horizon optimization and include constraint checks,
SVM-238,Use of private communications corpora,Training on emails chats or messages without consent,Data science,Epistemic,Development,Endogenous,No,Large,Critical,SVM-003;SVM-014,,Individuals; developers,Exclude private communications unless consent obtained,
SVM-239,Standards for labeling sensitive categories,How to label trauma sexual content medical info safely,Human factors engineering,Social,Development,Endogenous,No,Moderate,High,SVM-006;SVM-008,,Annotators; affected communities,Consult domain experts and create sensitive labeling protocols,
SVM-240,Provenance of scraped datasets,Traceable lineage from web scraping to training use,Data science,Epistemic,Development,Endogenous,No,Large,Critical,SVM-001;SVM-111,,Developers; content creators; individuals,Maintain scrape manifests and legal reviews,
SVM-E001,Data centre energy consumption at scale,Aggregate electricity demand from AI training and inference operations exceeding national grid capacity,Energy management engineering,Ecological,Operation,Exogenous,Partial,Large,Critical,SVM-E002;SVM-E003;SVM-076,SVM-036;SVM-E008,Societies; grid operators; developers,Enforce energy caps; require renewable matching; mandate reporting,
SVM-E002,Carbon emissions from AI training runs,Greenhouse gas emissions produced during large-scale model training,Carbon accounting,Ecological,Training,Exogenous,Partial,Large,Critical,SVM-076;SVM-E003,SVM-E001,Planet; societies; climate-vulnerable communities,Scope 1/2/3 tracking per training run; efficiency mandates,
SVM-E003,Embodied carbon in AI hardware,CO2e locked into manufacturing and transporting AI chips and servers before a single inference runs,Embodied carbon analysis,Ecological,Fabrication,Exogenous,No,Large,Critical,SVM-E002;SVM-E009,SVM-E005,Planet; hardware manufacturers; developers,Lifecycle assessment at procurement; supplier decarbonization pressure,
SVM-E004,Water consumption for data centre cooling,Freshwater withdrawal and consumption for cooling AI infrastructure,Water usage effectiveness,Ecological,Operation,Exogenous,Partial,Large,Critical,SVM-E001;SVM-E008,SVM-E012,Communities near data centres; water-stressed regions,WUE reporting; transition to air cooling; site water risk assessment,
SVM-E005,Semiconductor supply chain concentration,Dependency on three firms for frontier AI chip fabrication creating single points of failure,Semiconductor process engineering,Physical,Fabrication,Exogenous,No,Large,Critical,SVM-E006;SVM-E009;SVM-173,SVM-E011,Nations; developers; society,Diversify fabrication geography; invest in alternative suppliers,
SVM-E006,Compute concentration in hyperscalers,Control of AI training infrastructure by five or fewer firms creating systemic dependency,Data center operations,Economic,Operation,Exogenous,No,Large,Critical,SVM-036;SVM-E007,SVM-E005,Smaller developers; nations; society,Antitrust review; public compute access; distributed infrastructure investment,
SVM-E007,Circular capital flows in AI investment,Hyperscalers fund AI developers who purchase compute from hyperscalers creating illusion of organic demand,Program management,Economic,Operation,Exogenous,No,Large,Critical,SVM-E006;SVM-E001,SVM-E006,Investors; society; smaller developers,Financial systemic risk monitoring; disclosure of circular investment structures,
SVM-E008,AI infrastructure climate feedback loop,Climate change destabilizes the physical infrastructure AI depends on while AI accelerates climate change,Environmental engineering,Ecological,Operation,Exogenous,No,Large,Critical,SVM-E001;SVM-E004;SVM-076,,Planet; societies; developers,Bidirectional climate-AI risk assessment; infrastructure resilience planning,
SVM-E009,Critical mineral dependency for AI hardware,AI chip and server manufacturing depends on rare earths and conflict minerals with concentrated and fragile supply chains,Conflict minerals compliance,Physical,Extraction,Exogenous,Partial,Large,Critical,SVM-E003;SVM-E005;SVM-173,,Nations; mining communities; developers,Mineral provenance tracking; circular economy engineering; supply diversification,
SVM-E010,Third-party data supply chain opacity,Training datasets sourced through brokers and aggregators with unknown provenance and consent status,Strategic sourcing,Epistemic,Development,Exogenous,No,Large,Critical,SVM-001;SVM-106;SVM-191,,Individuals; developers; regulators,Mandatory supply chain disclosure; data provenance audits,
SVM-E011,Geopolitical export control fragmentation,Diverging national export controls on AI chips and models creating regulatory arbitrage and supply chain ruptures,Export control compliance,Governance,Deployment,Exogenous,Partial,Large,Critical,SVM-144;SVM-126;SVM-E005,,Nations; developers; smaller economies,International coordination on export control standards; sovereignty risk mapping,
SVM-E012,Subsea cable vulnerability,AI data traffic concentration on a small number of subsea cables creating catastrophic single points of failure,Cabling infrastructure engineering,Physical,Operation,Exogenous,No,Large,Critical,SVM-E006;SVM-E001,,Nations; internet users; operators,Cable route diversification; protection zone enforcement; redundancy mandates,
SVM-E013,Shadow AI proliferation,Ungoverned use of AI tools by employees and individuals outside any institutional oversight creating invisible risk networks,Systems architecture,Governance,Operation,Exogenous,No,Large,High,SVM-103;SVM-034;SVM-054,,Organizations; individuals; regulators,Visibility-first governance; acceptable use frameworks; shadow AI detection tooling,
SVM-E014,Agentic AI governance gap,Autonomous AI agents that plan reason and act across systems without human mediation and outside existing governance frameworks,Systems architecture,Governance,Operation,Exogenous,No,Large,Critical,SVM-121;SVM-047;SVM-090,,Society; operators; individuals,Agentic identity frameworks; interaction layer governance; human override mandates,
SVM-E015,Multi-agent cascade risk,Unpredictable emergent behaviors when multiple autonomous AI systems interact with each other without human mediation,Systems architecture,Epistemic,Operation,Exogenous,No,Large,Critical,SVM-231;SVM-121;SVM-E014,,Operators; society; developers,End-to-end interaction testing; cascade simulation; kill-switch requirements,
SVM-E016,Regulatory arbitrage across jurisdictions,Firms locating AI development and deployment in jurisdictions with weakest governance to avoid compliance costs,Regulatory compliance,Governance,Operation,Exogenous,No,Large,Critical,SVM-126;SVM-E011,,Societies; regulators; affected communities,Extraterritorial governance frameworks; mutual recognition agreements,
SVM-E017,AI financial systemic risk,Semiconductor and hyperscaler firms functioning as net transmitters of systemic financial risk with 79 percent connectedness index,Cost analysis engineering,Economic,Operation,Exogenous,No,Large,Critical,SVM-E006;SVM-E007,,Financial system; investors; societies,Financial stability monitoring of AI-linked assets; stress testing of hyperscaler concentration,
SVM-E018,Rebound effect from AI efficiency gains,Efficiency improvements from AI enabling higher consumption elsewhere negating emissions savings,Environmental engineering,Ecological,Operation,Exogenous,No,Large,High,SVM-E001;SVM-E002;SVM-076,,Planet; societies; policymakers,Rebound effect monitoring; absolute consumption caps rather than efficiency targets only,
SVM-E019,E-waste from AI hardware cycles,Accelerating hardware refresh cycles driven by AI capability competition generating toxic electronic waste,E-waste management,Ecological,Retirement,Exogenous,Partial,Large,High,SVM-E009;SVM-E003,,Communities near disposal sites; planet,Extended producer responsibility; circular economy requirements; right to repair,
SVM-E020,AI literacy deficit in governance bodies,Regulators and legislators lack sufficient understanding of AI systems to govern them effectively creating structural knowledge capture,Human factors engineering,Epistemic,Cross-cutting,Exogenous,No,Large,Critical,SVM-E016;SVM-217,,Society; regulators; affected communities,Mandatory technical capacity building in regulatory bodies; independent technical advisory panels,
SVM-E021,Epistemic capture by industry,The people who understand AI systems best are the people building them creating structural conflict of interest in governance,Program management,Epistemic,Cross-cutting,Reflexive,No,Large,Critical,SVM-E020;SVM-042;SVM-219,,Society; regulators; researchers,Independent research funding; access for external researchers; mandatory disclosure,
SVM-E022,Governance lag as structural condition,Regulatory frameworks are always responding to what already exists making them permanently behind the vulnerability curve,Risk management,Governance,Cross-cutting,Reflexive,No,Large,Critical,SVM-E016;SVM-E020;SVM-E021,,Society; affected communities; regulators,Anticipatory governance mechanisms; horizon scanning mandates; pre-market assessment,
SVM-E023,Legitimacy deficit in AI governance,Communities most affected by AI vulnerabilities have the least access to instruments for understanding and challenging them,Human factors engineering,Social,Cross-cutting,Reflexive,No,Large,Critical,SVM-E020;SVM-155;SVM-228,,Marginalized communities; civil society; affected individuals,Participatory governance design; accessible public instruments; community veto rights,
SVM-E024,RoHS and REACH compliance gaps in AI hardware,Hazardous materials in AI hardware components escaping restriction due to exemptions or non-enforcement,RoHS/REACH compliance,Ecological,Fabrication,Exogenous,Partial,Moderate,High,SVM-E009;SVM-E019,,Workers; communities; environment,Close AI hardware exemptions; enforce supply chain hazardous material disclosure,
SVM-E025,Acoustics and vibration impacts of data centres,Noise and vibration from large-scale data centre clusters affecting surrounding communities and ecosystems,Acoustics engineering,Ecological,Operation,Exogenous,No,Moderate,Medium,SVM-E001;SVM-E004,,Local communities; ecosystems,Noise compliance standards; vibration impact assessment for new clusters,
SVM-E026,Packaging sustainability in AI hardware supply chain,Non-recyclable packaging materials across the AI hardware supply chain generating avoidable waste,Packaging sustainability,Ecological,Fabrication,Exogenous,No,Small,Medium,SVM-E019;SVM-E009,,Environment; communities,Recyclable packaging mandates; supplier sustainability requirements,
SVM-E027,Conflict minerals in AI supply chain,Use of minerals from conflict zones in AI hardware manufacturing financing armed groups and human rights abuses,Conflict minerals compliance,Social,Extraction,Exogenous,Partial,Large,Critical,SVM-E009;SVM-173,,Mining communities; human rights; developers,Mandatory conflict minerals disclosure; certified sourcing requirements,
SVM-E028,Supply chain decarbonization pressure gaps,Vendors and sub-suppliers in the AI hardware supply chain operating without Scope 3 emissions accountability,Supply chain decarbonization,Ecological,Fabrication,Exogenous,No,Large,High,SVM-E002;SVM-E003;SVM-E009,,Planet; climate-vulnerable communities,Cascade Scope 3 requirements through supply contracts; supplier emissions audits,
SVM-E029,Renewable energy integration lag for data centres,Gap between AI infrastructure energy demand growth and availability of new renewable generation to match it,Renewable energy integration,Ecological,Operation,Exogenous,Partial,Large,Critical,SVM-E001;SVM-E002;SVM-E008,,Grid operators; societies; planet,Mandatory renewable matching timelines; grid investment co-funding by hyperscalers,
SVM-E030,Lifecycle assessment gaps for AI systems,Absence of standardized cradle-to-grave impact assessment covering full AI hardware and software lifecycle,Lifecycle assessment,Ecological,Cross-cutting,Exogenous,No,Large,High,SVM-E002;SVM-E003;SVM-076,,Planet; developers; regulators,Mandatory LCA standards for AI systems; public disclosure requirements,